Time,Light,Floor friction,Object friction,State
0,0.9808697220646158,0.5189031441232509,0.9387750290533048,0
5,0.9808697220646158,0.5189031441232509,0.9387750290533048,0
10,0.9808697220646158,0.5189031441232509,0.9387750290533048,0
15,0.9808697220646158,0.5189031441232509,0.9387750290533048,0
20,0.9808697220646158,0.5189031441232509,0.9387750290533048,0
25,0.9808697220646158,0.5189031441232509,0.9387750290533048,0
29,0.9808697220646158,0.5189031441232509,0.9387750290533048,1
30,0.9808697220646158,0.5189031441232509,0.9387750290533048,1
35,0.9808697220646158,0.5189031441232509,0.9387750290533048,1
40,0.9808697220646158,0.5189031441232509,0.9387750290533048,1
45,0.9808697220646158,0.5189031441232509,0.9387750290533048,1
50,0.9808697220646158,0.5189031441232509,0.9387750290533048,1
55,0.9808697220646158,0.5189031441232509,0.9387750290533048,1
60,0.9888518949086236,0.548566889659109,0.9821605870160685,1
65,0.9888518949086236,0.548566889659109,0.9821605870160685,1
70,0.9888518949086236,0.548566889659109,0.9821605870160685,1
75,0.9888518949086236,0.548566889659109,0.9821605870160685,1
80,0.9888518949086236,0.548566889659109,0.9821605870160685,1
84,0.9888518949086236,0.548566889659109,0.9821605870160685,3
84,0.9888518949086236,0.548566889659109,0.9821605870160685,9
85,0.9888518949086236,0.548566889659109,0.9821605870160685,9
90,0.9888518949086236,0.548566889659109,0.9821605870160685,0
95,0.9888518949086236,0.548566889659109,0.9821605870160685,0
100,0.9888518949086236,0.548566889659109,0.9821605870160685,0
105,0.9888518949086236,0.548566889659109,0.9821605870160685,0
110,0.9888518949086236,0.548566889659109,0.9821605870160685,0
115,0.9888518949086236,0.548566889659109,0.9821605870160685,0
120,1.0,0.5810393622713499,0.9036430658009778,0
125,1.0,0.5810393622713499,0.9036430658009778,0
130,1.0,0.5810393622713499,0.9036430658009778,0
135,1.0,0.5810393622713499,0.9036430658009778,0
140,1.0,0.5810393622713499,0.9036430658009778,0
145,1.0,0.5810393622713499,0.9036430658009778,0
150,1.0,0.5810393622713499,0.9036430658009778,0
155,1.0,0.5810393622713499,0.9036430658009778,0
160,1.0,0.5810393622713499,0.9036430658009778,0
165,1.0,0.5810393622713499,0.9036430658009778,0
170,1.0,0.5810393622713499,0.9036430658009778,0
175,1.0,0.5810393622713499,0.9036430658009778,0
180,1.0,0.44654724708796434,0.9514987958441589,0
185,1.0,0.44654724708796434,0.9514987958441589,0
190,1.0,0.44654724708796434,0.9514987958441589,0
195,1.0,0.44654724708796434,0.9514987958441589,0
200,1.0,0.44654724708796434,0.9514987958441589,0
205,1.0,0.44654724708796434,0.9514987958441589,0
210,1.0,0.44654724708796434,0.9514987958441589,0
215,1.0,0.44654724708796434,0.9514987958441589,0
220,1.0,0.44654724708796434,0.9514987958441589,0
225,1.0,0.44654724708796434,0.9514987958441589,0
230,1.0,0.44654724708796434,0.9514987958441589,0
235,1.0,0.44654724708796434,0.9514987958441589,0
240,1.0,0.4851014084729426,0.9756662488774313,0
245,1.0,0.4851014084729426,0.9756662488774313,0
250,1.0,0.4851014084729426,0.9756662488774313,0
255,1.0,0.4851014084729426,0.9756662488774313,0
260,1.0,0.4851014084729426,0.9756662488774313,0
265,1.0,0.4851014084729426,0.9756662488774313,0
270,1.0,0.4851014084729426,0.9756662488774313,0
275,1.0,0.4851014084729426,0.9756662488774313,0
280,1.0,0.4851014084729426,0.9756662488774313,0
285,1.0,0.4851014084729426,0.9756662488774313,0
290,1.0,0.4851014084729426,0.9756662488774313,0
295,1.0,0.4851014084729426,0.9756662488774313,0
300,1.0,0.502537885804719,0.9783501278101556,0
305,1.0,0.502537885804719,0.9783501278101556,0
310,1.0,0.502537885804719,0.9783501278101556,0
315,1.0,0.502537885804719,0.9783501278101556,0
320,1.0,0.502537885804719,0.9783501278101556,0
325,1.0,0.502537885804719,0.9783501278101556,0
330,1.0,0.502537885804719,0.9783501278101556,0
334,1.0,0.502537885804719,0.9783501278101556,1
335,1.0,0.502537885804719,0.9783501278101556,1
340,1.0,0.502537885804719,0.9783501278101556,1
345,1.0,0.502537885804719,0.9783501278101556,1
350,1.0,0.502537885804719,0.9783501278101556,1
355,1.0,0.502537885804719,0.9783501278101556,1
360,0.9909346979502822,0.4645092662716211,1.0,1
365,0.9909346979502822,0.4645092662716211,1.0,1
370,0.9909346979502822,0.4645092662716211,1.0,1
375,0.9909346979502822,0.4645092662716211,1.0,1
380,0.9909346979502822,0.4645092662716211,1.0,1
385,0.9909346979502822,0.4645092662716211,1.0,1
390,0.9909346979502822,0.4645092662716211,1.0,1
391,0.9909346979502822,0.4645092662716211,1.0,3
391,0.9909346979502822,0.4645092662716211,1.0,9
395,0.9909346979502822,0.4645092662716211,1.0,9
400,0.9909346979502822,0.4645092662716211,1.0,0
405,0.9909346979502822,0.4645092662716211,1.0,0
410,0.9909346979502822,0.4645092662716211,1.0,0
415,0.9909346979502822,0.4645092662716211,1.0,0
420,0.969372416664118,0.5033086455311759,1.0,0
425,0.969372416664118,0.5033086455311759,1.0,0
430,0.969372416664118,0.5033086455311759,1.0,0
435,0.969372416664118,0.5033086455311759,1.0,0
440,0.969372416664118,0.5033086455311759,1.0,0
445,0.969372416664118,0.5033086455311759,1.0,0
450,0.969372416664118,0.5033086455311759,1.0,0
455,0.969372416664118,0.5033086455311759,1.0,0
460,0.969372416664118,0.5033086455311759,1.0,0
465,0.969372416664118,0.5033086455311759,1.0,0
470,0.969372416664118,0.5033086455311759,1.0,0
475,0.969372416664118,0.5033086455311759,1.0,0
480,0.9880067928549708,0.560665018022761,0.9791582078797406,0
485,0.9880067928549708,0.560665018022761,0.9791582078797406,0
490,0.9880067928549708,0.560665018022761,0.9791582078797406,0
495,0.9880067928549708,0.560665018022761,0.9791582078797406,0
500,0.9880067928549708,0.560665018022761,0.9791582078797406,0
505,0.9880067928549708,0.560665018022761,0.9791582078797406,0
510,0.9880067928549708,0.560665018022761,0.9791582078797406,0
515,0.9880067928549708,0.560665018022761,0.9791582078797406,0
520,0.9880067928549708,0.560665018022761,0.9791582078797406,0
525,0.9880067928549708,0.560665018022761,0.9791582078797406,0
530,0.9880067928549708,0.560665018022761,0.9791582078797406,0
535,0.9880067928549708,0.560665018022761,0.9791582078797406,0
540,1.0,0.47077236504412273,1.0,0
545,1.0,0.47077236504412273,1.0,0
550,1.0,0.47077236504412273,1.0,0
554,1.0,0.47077236504412273,1.0,1
555,1.0,0.47077236504412273,1.0,1
560,1.0,0.47077236504412273,1.0,1
565,1.0,0.47077236504412273,1.0,1
570,1.0,0.47077236504412273,1.0,1
575,1.0,0.47077236504412273,1.0,1
580,1.0,0.47077236504412273,1.0,1
585,1.0,0.47077236504412273,1.0,1
590,1.0,0.47077236504412273,1.0,1
591,1.0,0.47077236504412273,1.0,2
595,1.0,0.47077236504412273,1.0,2
600,0.9857391327668268,0.4589208650492772,0.9707370035042289,2
605,0.9857391327668268,0.4589208650492772,0.9707370035042289,2
610,0.9857391327668268,0.4589208650492772,0.9707370035042289,2
615,0.9857391327668268,0.4589208650492772,0.9707370035042289,2
620,0.9857391327668268,0.4589208650492772,0.9707370035042289,2
625,0.9857391327668268,0.4589208650492772,0.9707370035042289,2
630,0.9857391327668268,0.4589208650492772,0.9707370035042289,2
635,0.9857391327668268,0.4589208650492772,0.9707370035042289,2
640,0.9857391327668268,0.4589208650492772,0.9707370035042289,2
645,0.9857391327668268,0.4589208650492772,0.9707370035042289,2
650,0.9857391327668268,0.4589208650492772,0.9707370035042289,2
652,0.9857391327668268,0.4589208650492772,0.9707370035042289,4
655,0.9857391327668268,0.4589208650492772,0.9707370035042289,4
660,1.0,0.4579912132202996,0.9792855696015025,0
665,1.0,0.4579912132202996,0.9792855696015025,0
670,1.0,0.4579912132202996,0.9792855696015025,0
675,1.0,0.4579912132202996,0.9792855696015025,0
680,1.0,0.4579912132202996,0.9792855696015025,0
685,1.0,0.4579912132202996,0.9792855696015025,0
690,1.0,0.4579912132202996,0.9792855696015025,0
695,1.0,0.4579912132202996,0.9792855696015025,0
700,1.0,0.4579912132202996,0.9792855696015025,0
705,1.0,0.4579912132202996,0.9792855696015025,0
710,1.0,0.4579912132202996,0.9792855696015025,0
715,1.0,0.4579912132202996,0.9792855696015025,0
720,1.0,0.4592722663821173,1.0,0
725,1.0,0.4592722663821173,1.0,0
730,1.0,0.4592722663821173,1.0,0
735,1.0,0.4592722663821173,1.0,0
740,1.0,0.4592722663821173,1.0,0
745,1.0,0.4592722663821173,1.0,0
750,1.0,0.4592722663821173,1.0,0
755,1.0,0.4592722663821173,1.0,0
760,1.0,0.4592722663821173,1.0,0
765,1.0,0.4592722663821173,1.0,0
770,1.0,0.4592722663821173,1.0,0
775,1.0,0.4592722663821173,1.0,0
780,0.9975211426184414,0.6176014349369744,1.0,0
785,0.9975211426184414,0.6176014349369744,1.0,0
790,0.9975211426184414,0.6176014349369744,1.0,0
795,0.9975211426184414,0.6176014349369744,1.0,0
800,0.9975211426184414,0.6176014349369744,1.0,0
805,0.9975211426184414,0.6176014349369744,1.0,0
810,0.9975211426184414,0.6176014349369744,1.0,0
815,0.9975211426184414,0.6176014349369744,1.0,0
820,0.9975211426184414,0.6176014349369744,1.0,0
825,0.9975211426184414,0.6176014349369744,1.0,0
830,0.9975211426184414,0.6176014349369744,1.0,0
835,0.9975211426184414,0.6176014349369744,1.0,0
840,1.0,0.46206179471463427,1.0,0
845,1.0,0.46206179471463427,1.0,0
850,1.0,0.46206179471463427,1.0,0
855,1.0,0.46206179471463427,1.0,0
860,1.0,0.46206179471463427,1.0,0
865,1.0,0.46206179471463427,1.0,1
866,1.0,0.46206179471463427,1.0,1
870,1.0,0.46206179471463427,1.0,1
875,1.0,0.46206179471463427,1.0,1
880,1.0,0.46206179471463427,1.0,1
885,1.0,0.46206179471463427,1.0,1
890,1.0,0.46206179471463427,1.0,1
895,1.0,0.46206179471463427,1.0,1
900,1.0,0.4694547674731336,0.9804778560692831,1
905,1.0,0.4694547674731336,0.9804778560692831,1
910,1.0,0.4694547674731336,0.9804778560692831,1
915,1.0,0.4694547674731336,0.9804778560692831,1
920,1.0,0.4694547674731336,0.9804778560692831,1
924,1.0,0.4694547674731336,0.9804778560692831,3
924,1.0,0.4694547674731336,0.9804778560692831,9
925,1.0,0.4694547674731336,0.9804778560692831,9
930,1.0,0.4694547674731336,0.9804778560692831,0
935,1.0,0.4694547674731336,0.9804778560692831,0
940,1.0,0.4694547674731336,0.9804778560692831,0
945,1.0,0.4694547674731336,0.9804778560692831,0
950,1.0,0.4694547674731336,0.9804778560692831,0
955,1.0,0.4694547674731336,0.9804778560692831,0
960,0.9177308996874269,0.46553709396501736,0.9651657170766738,0
965,0.9177308996874269,0.46553709396501736,0.9651657170766738,0
970,0.9177308996874269,0.46553709396501736,0.9651657170766738,0
975,0.9177308996874269,0.46553709396501736,0.9651657170766738,0
980,0.9177308996874269,0.46553709396501736,0.9651657170766738,0
985,0.9177308996874269,0.46553709396501736,0.9651657170766738,0
990,0.9177308996874269,0.46553709396501736,0.9651657170766738,0
995,0.9177308996874269,0.46553709396501736,0.9651657170766738,0
1000,0.9177308996874269,0.46553709396501736,0.9651657170766738,0
1005,0.9177308996874269,0.46553709396501736,0.9651657170766738,0
1010,0.9177308996874269,0.46553709396501736,0.9651657170766738,0
1015,0.9177308996874269,0.46553709396501736,0.9651657170766738,0
1020,1.0,0.5683787506054758,1.0,0
1025,1.0,0.5683787506054758,1.0,0
1030,1.0,0.5683787506054758,1.0,0
1032,1.0,0.5683787506054758,1.0,1
1035,1.0,0.5683787506054758,1.0,1
1040,1.0,0.5683787506054758,1.0,1
1045,1.0,0.5683787506054758,1.0,1
1050,1.0,0.5683787506054758,1.0,1
1055,1.0,0.5683787506054758,1.0,1
1060,1.0,0.5683787506054758,1.0,1
1065,1.0,0.5683787506054758,1.0,1
1065,1.0,0.5683787506054758,1.0,7
1070,1.0,0.5683787506054758,1.0,7
1075,1.0,0.5683787506054758,1.0,0
1080,0.9970714732912888,0.5111558392269128,0.9801030129378064,0
1085,0.9970714732912888,0.5111558392269128,0.9801030129378064,0
1090,0.9970714732912888,0.5111558392269128,0.9801030129378064,0
1095,0.9970714732912888,0.5111558392269128,0.9801030129378064,0
1100,0.9970714732912888,0.5111558392269128,0.9801030129378064,0
1105,0.9970714732912888,0.5111558392269128,0.9801030129378064,0
1110,0.9970714732912888,0.5111558392269128,0.9801030129378064,0
1115,0.9970714732912888,0.5111558392269128,0.9801030129378064,0
1120,0.9970714732912888,0.5111558392269128,0.9801030129378064,0
1125,0.9970714732912888,0.5111558392269128,0.9801030129378064,0
1130,0.9970714732912888,0.5111558392269128,0.9801030129378064,0
1135,0.9970714732912888,0.5111558392269128,0.9801030129378064,0
1140,0.9338929380728171,0.44819277683761316,1.0,0
1145,0.9338929380728171,0.44819277683761316,1.0,0
1150,0.9338929380728171,0.44819277683761316,1.0,0
1155,0.9338929380728171,0.44819277683761316,1.0,0
1160,0.9338929380728171,0.44819277683761316,1.0,0
1165,0.9338929380728171,0.44819277683761316,1.0,0
1170,0.9338929380728171,0.44819277683761316,1.0,0
1175,0.9338929380728171,0.44819277683761316,1.0,0
1180,0.9338929380728171,0.44819277683761316,1.0,0
1185,0.9338929380728171,0.44819277683761316,1.0,0
1190,0.9338929380728171,0.44819277683761316,1.0,0
1195,0.9338929380728171,0.44819277683761316,1.0,0
1200,0.92310088026726,0.4463539981277696,0.9865618636582926,0
1205,0.92310088026726,0.4463539981277696,0.9865618636582926,0
1210,0.92310088026726,0.4463539981277696,0.9865618636582926,0
1215,0.92310088026726,0.4463539981277696,0.9865618636582926,0
1220,0.92310088026726,0.4463539981277696,0.9865618636582926,0
1225,0.92310088026726,0.4463539981277696,0.9865618636582926,0
1230,0.92310088026726,0.4463539981277696,0.9865618636582926,0
1235,0.92310088026726,0.4463539981277696,0.9865618636582926,0
1240,0.92310088026726,0.4463539981277696,0.9865618636582926,0
1245,0.92310088026726,0.4463539981277696,0.9865618636582926,0
1250,0.92310088026726,0.4463539981277696,0.9865618636582926,0
1255,0.92310088026726,0.4463539981277696,0.9865618636582926,0
1260,0.8915606491614493,0.44219424102686117,0.9592089047152814,0
1265,0.8915606491614493,0.44219424102686117,0.9592089047152814,0
1270,0.8915606491614493,0.44219424102686117,0.9592089047152814,0
1275,0.8915606491614493,0.44219424102686117,0.9592089047152814,0
1280,0.8915606491614493,0.44219424102686117,0.9592089047152814,0
1285,0.8915606491614493,0.44219424102686117,0.9592089047152814,0
1290,0.8915606491614493,0.44219424102686117,0.9592089047152814,0
1295,0.8915606491614493,0.44219424102686117,0.9592089047152814,0
1300,0.8915606491614493,0.44219424102686117,0.9592089047152814,0
1305,0.8915606491614493,0.44219424102686117,0.9592089047152814,0
1310,0.8915606491614493,0.44219424102686117,0.9592089047152814,0
1315,0.8915606491614493,0.44219424102686117,0.9592089047152814,0
1320,0.9629037234844708,0.5086719169562313,0.9935806988452419,0
1325,0.9629037234844708,0.5086719169562313,0.9935806988452419,1
1325,0.9629037234844708,0.5086719169562313,0.9935806988452419,1
1330,0.9629037234844708,0.5086719169562313,0.9935806988452419,1
1335,0.9629037234844708,0.5086719169562313,0.9935806988452419,1
1340,0.9629037234844708,0.5086719169562313,0.9935806988452419,1
1345,0.9629037234844708,0.5086719169562313,0.9935806988452419,1
1350,0.9629037234844708,0.5086719169562313,0.9935806988452419,1
1355,0.9629037234844708,0.5086719169562313,0.9935806988452419,1
1360,0.9629037234844708,0.5086719169562313,0.9935806988452419,1
1360,0.9629037234844708,0.5086719169562313,0.9935806988452419,2
1365,0.9629037234844708,0.5086719169562313,0.9935806988452419,2
1370,0.9629037234844708,0.5086719169562313,0.9935806988452419,2
1375,0.9629037234844708,0.5086719169562313,0.9935806988452419,2
1380,1.0,0.48253929677738044,0.9659988746437155,2
1385,1.0,0.48253929677738044,0.9659988746437155,2
1390,1.0,0.48253929677738044,0.9659988746437155,2
1395,1.0,0.48253929677738044,0.9659988746437155,2
1400,1.0,0.48253929677738044,0.9659988746437155,2
1405,1.0,0.48253929677738044,0.9659988746437155,2
1410,1.0,0.48253929677738044,0.9659988746437155,2
1413,1.0,0.48253929677738044,0.9659988746437155,4
1415,1.0,0.48253929677738044,0.9659988746437155,4
1420,1.0,0.48253929677738044,0.9659988746437155,0
1425,1.0,0.48253929677738044,0.9659988746437155,0
1430,1.0,0.48253929677738044,0.9659988746437155,0
1435,1.0,0.48253929677738044,0.9659988746437155,0
1440,0.9912636274687496,0.5923224371765156,0.9437884548241618,0
1445,0.9912636274687496,0.5923224371765156,0.9437884548241618,0
1450,0.9912636274687496,0.5923224371765156,0.9437884548241618,0
1455,0.9912636274687496,0.5923224371765156,0.9437884548241618,0
1460,0.9912636274687496,0.5923224371765156,0.9437884548241618,0
1465,0.9912636274687496,0.5923224371765156,0.9437884548241618,0
1470,0.9912636274687496,0.5923224371765156,0.9437884548241618,0
1475,0.9912636274687496,0.5923224371765156,0.9437884548241618,0
1480,0.9912636274687496,0.5923224371765156,0.9437884548241618,0
1485,0.9912636274687496,0.5923224371765156,0.9437884548241618,0
1490,0.9912636274687496,0.5923224371765156,0.9437884548241618,0
1495,0.9912636274687496,0.5923224371765156,0.9437884548241618,0
1500,1.0,0.5696923622488617,0.9453189974020312,0
1505,1.0,0.5696923622488617,0.9453189974020312,0
1510,1.0,0.5696923622488617,0.9453189974020312,0
1515,1.0,0.5696923622488617,0.9453189974020312,0
1520,1.0,0.5696923622488617,0.9453189974020312,0
1525,1.0,0.5696923622488617,0.9453189974020312,0
1530,1.0,0.5696923622488617,0.9453189974020312,0
1535,1.0,0.5696923622488617,0.9453189974020312,0
1540,1.0,0.5696923622488617,0.9453189974020312,0
1545,1.0,0.5696923622488617,0.9453189974020312,0
1550,1.0,0.5696923622488617,0.9453189974020312,0
1555,1.0,0.5696923622488617,0.9453189974020312,0
1560,1.0,0.4906728638455989,1.0,0
1565,1.0,0.4906728638455989,1.0,0
1570,1.0,0.4906728638455989,1.0,0
1575,1.0,0.4906728638455989,1.0,0
1580,1.0,0.4906728638455989,1.0,0
1585,1.0,0.4906728638455989,1.0,0
1590,1.0,0.4906728638455989,1.0,0
1595,1.0,0.4906728638455989,1.0,0
1600,1.0,0.4906728638455989,1.0,0
1604,1.0,0.4906728638455989,1.0,1
1605,1.0,0.4906728638455989,1.0,1
1610,1.0,0.4906728638455989,1.0,1
1615,1.0,0.4906728638455989,1.0,1
1620,1.0,0.42412982310746067,0.9764411125107321,1
1625,1.0,0.42412982310746067,0.9764411125107321,1
1630,1.0,0.42412982310746067,0.9764411125107321,1
1635,1.0,0.42412982310746067,0.9764411125107321,1
1640,1.0,0.42412982310746067,0.9764411125107321,1
1645,1.0,0.42412982310746067,0.9764411125107321,1
1650,1.0,0.42412982310746067,0.9764411125107321,1
1655,1.0,0.42412982310746067,0.9764411125107321,1
1656,1.0,0.42412982310746067,0.9764411125107321,2
1660,1.0,0.42412982310746067,0.9764411125107321,2
1665,1.0,0.42412982310746067,0.9764411125107321,2
1670,1.0,0.42412982310746067,0.9764411125107321,2
1675,1.0,0.42412982310746067,0.9764411125107321,2
1680,1.0,0.46781811501389825,1.0,2
1685,1.0,0.46781811501389825,1.0,2
1690,1.0,0.46781811501389825,1.0,2
1695,1.0,0.46781811501389825,1.0,2
1700,1.0,0.46781811501389825,1.0,2
1705,1.0,0.46781811501389825,1.0,2
1705,1.0,0.46781811501389825,1.0,4
1710,1.0,0.46781811501389825,1.0,4
1715,1.0,0.46781811501389825,1.0,0
1720,1.0,0.46781811501389825,1.0,0
1725,1.0,0.46781811501389825,1.0,0
1730,1.0,0.46781811501389825,1.0,0
1735,1.0,0.46781811501389825,1.0,0
1740,1.0,0.530473815230121,0.9809243947464814,0
1745,1.0,0.530473815230121,0.9809243947464814,0
1750,1.0,0.530473815230121,0.9809243947464814,0
1755,1.0,0.530473815230121,0.9809243947464814,0
1760,1.0,0.530473815230121,0.9809243947464814,0
1765,1.0,0.530473815230121,0.9809243947464814,0
1770,1.0,0.530473815230121,0.9809243947464814,0
1775,1.0,0.530473815230121,0.9809243947464814,0
1780,1.0,0.530473815230121,0.9809243947464814,0
1785,1.0,0.530473815230121,0.9809243947464814,0
1790,1.0,0.530473815230121,0.9809243947464814,0
1795,1.0,0.530473815230121,0.9809243947464814,0
1800,0.9020347494328922,0.5051707212354991,0.9937512707744709,0
1805,0.9020347494328922,0.5051707212354991,0.9937512707744709,0
1810,0.9020347494328922,0.5051707212354991,0.9937512707744709,0
1815,0.9020347494328922,0.5051707212354991,0.9937512707744709,0
1820,0.9020347494328922,0.5051707212354991,0.9937512707744709,0
1825,0.9020347494328922,0.5051707212354991,0.9937512707744709,0
1830,0.9020347494328922,0.5051707212354991,0.9937512707744709,0
1835,0.9020347494328922,0.5051707212354991,0.9937512707744709,0
1840,0.9020347494328922,0.5051707212354991,0.9937512707744709,0
1845,0.9020347494328922,0.5051707212354991,0.9937512707744709,0
1850,0.9020347494328922,0.5051707212354991,0.9937512707744709,0
1855,0.9020347494328922,0.5051707212354991,0.9937512707744709,0
1860,1.0,0.44302339726659273,0.9482418442504444,0
1865,1.0,0.44302339726659273,0.9482418442504444,0
1870,1.0,0.44302339726659273,0.9482418442504444,0
1875,1.0,0.44302339726659273,0.9482418442504444,0
1880,1.0,0.44302339726659273,0.9482418442504444,0
1885,1.0,0.44302339726659273,0.9482418442504444,0
1890,1.0,0.44302339726659273,0.9482418442504444,0
1895,1.0,0.44302339726659273,0.9482418442504444,0
1900,1.0,0.44302339726659273,0.9482418442504444,0
1905,1.0,0.44302339726659273,0.9482418442504444,0
1910,1.0,0.44302339726659273,0.9482418442504444,0
1915,1.0,0.44302339726659273,0.9482418442504444,0
1920,0.9575435249357893,0.4668771288308677,1.0,0
1925,0.9575435249357893,0.4668771288308677,1.0,0
1930,0.9575435249357893,0.4668771288308677,1.0,0
1935,0.9575435249357893,0.4668771288308677,1.0,0
1940,0.9575435249357893,0.4668771288308677,1.0,0
1945,0.9575435249357893,0.4668771288308677,1.0,0
1950,0.9575435249357893,0.4668771288308677,1.0,0
1955,0.9575435249357893,0.4668771288308677,1.0,0
1960,0.9575435249357893,0.4668771288308677,1.0,0
1962,0.9575435249357893,0.4668771288308677,1.0,1
1965,0.9575435249357893,0.4668771288308677,1.0,1
1970,0.9575435249357893,0.4668771288308677,1.0,1
1975,0.9575435249357893,0.4668771288308677,1.0,1
1980,1.0,0.4559202972005765,0.9754752126720476,1
1985,1.0,0.4559202972005765,0.9754752126720476,1
1990,1.0,0.4559202972005765,0.9754752126720476,1
1993,1.0,0.4559202972005765,0.9754752126720476,2
1995,1.0,0.4559202972005765,0.9754752126720476,2
2000,1.0,0.4559202972005765,0.9754752126720476,2
2005,1.0,0.4559202972005765,0.9754752126720476,2
2010,1.0,0.4559202972005765,0.9754752126720476,2
2015,1.0,0.4559202972005765,0.9754752126720476,2
2020,1.0,0.4559202972005765,0.9754752126720476,2
2025,1.0,0.4559202972005765,0.9754752126720476,2
2030,1.0,0.4559202972005765,0.9754752126720476,2
2035,1.0,0.4559202972005765,0.9754752126720476,2
2040,0.9914472619578565,0.47330149703414554,0.9714739317762244,2
2043,0.9914472619578565,0.47330149703414554,0.9714739317762244,4
2045,0.9914472619578565,0.47330149703414554,0.9714739317762244,4
2050,0.9914472619578565,0.47330149703414554,0.9714739317762244,0
2055,0.9914472619578565,0.47330149703414554,0.9714739317762244,0
2060,0.9914472619578565,0.47330149703414554,0.9714739317762244,0
2065,0.9914472619578565,0.47330149703414554,0.9714739317762244,0
2070,0.9914472619578565,0.47330149703414554,0.9714739317762244,0
2075,0.9914472619578565,0.47330149703414554,0.9714739317762244,0
2080,0.9914472619578565,0.47330149703414554,0.9714739317762244,0
2085,0.9914472619578565,0.47330149703414554,0.9714739317762244,0
2090,0.9914472619578565,0.47330149703414554,0.9714739317762244,0
2095,0.9914472619578565,0.47330149703414554,0.9714739317762244,0
2100,1.0,0.4945510934474997,1.0,0
2105,1.0,0.4945510934474997,1.0,0
2110,1.0,0.4945510934474997,1.0,0
2115,1.0,0.4945510934474997,1.0,0
2120,1.0,0.4945510934474997,1.0,0
2125,1.0,0.4945510934474997,1.0,0
2130,1.0,0.4945510934474997,1.0,0
2135,1.0,0.4945510934474997,1.0,0
2140,1.0,0.4945510934474997,1.0,0
2145,1.0,0.4945510934474997,1.0,0
2150,1.0,0.4945510934474997,1.0,0
2155,1.0,0.4945510934474997,1.0,0
2160,0.9918019926782773,0.5496740922208236,0.9449253240373258,0
2165,0.9918019926782773,0.5496740922208236,0.9449253240373258,0
2170,0.9918019926782773,0.5496740922208236,0.9449253240373258,0
2175,0.9918019926782773,0.5496740922208236,0.9449253240373258,0
2180,0.9918019926782773,0.5496740922208236,0.9449253240373258,0
2185,0.9918019926782773,0.5496740922208236,0.9449253240373258,0
2190,0.9918019926782773,0.5496740922208236,0.9449253240373258,0
2195,0.9918019926782773,0.5496740922208236,0.9449253240373258,0
2200,0.9918019926782773,0.5496740922208236,0.9449253240373258,0
2205,0.9918019926782773,0.5496740922208236,0.9449253240373258,0
2210,0.9918019926782773,0.5496740922208236,0.9449253240373258,0
2215,0.9918019926782773,0.5496740922208236,0.9449253240373258,0
2220,1.0,0.48316982434939615,0.9394903772445861,0
2225,1.0,0.48316982434939615,0.9394903772445861,0
2230,1.0,0.48316982434939615,0.9394903772445861,0
2235,1.0,0.48316982434939615,0.9394903772445861,0
2240,1.0,0.48316982434939615,0.9394903772445861,0
2245,1.0,0.48316982434939615,0.9394903772445861,0
2250,1.0,0.48316982434939615,0.9394903772445861,0
2255,1.0,0.48316982434939615,0.9394903772445861,0
2260,1.0,0.48316982434939615,0.9394903772445861,0
2265,1.0,0.48316982434939615,0.9394903772445861,0
2270,1.0,0.48316982434939615,0.9394903772445861,0
2275,1.0,0.48316982434939615,0.9394903772445861,0
2278,1.0,0.48316982434939615,0.9394903772445861,1
2280,0.9580018670067098,0.49122273668261884,1.0,1
2285,0.9580018670067098,0.49122273668261884,1.0,1
2290,0.9580018670067098,0.49122273668261884,1.0,1
2295,0.9580018670067098,0.49122273668261884,1.0,1
2300,0.9580018670067098,0.49122273668261884,1.0,1
2302,0.9580018670067098,0.49122273668261884,1.0,7
2305,0.9580018670067098,0.49122273668261884,1.0,7
2310,0.9580018670067098,0.49122273668261884,1.0,0
2315,0.9580018670067098,0.49122273668261884,1.0,0
2320,0.9580018670067098,0.49122273668261884,1.0,0
2325,0.9580018670067098,0.49122273668261884,1.0,0
2330,0.9580018670067098,0.49122273668261884,1.0,0
2335,0.9580018670067098,0.49122273668261884,1.0,0
2340,1.0,0.5328206376645546,1.0,0
2345,1.0,0.5328206376645546,1.0,0
2350,1.0,0.5328206376645546,1.0,0
2355,1.0,0.5328206376645546,1.0,0
2360,1.0,0.5328206376645546,1.0,0
2365,1.0,0.5328206376645546,1.0,0
2370,1.0,0.5328206376645546,1.0,0
2375,1.0,0.5328206376645546,1.0,0
2380,1.0,0.5328206376645546,1.0,0
2385,1.0,0.5328206376645546,1.0,0
2390,1.0,0.5328206376645546,1.0,0
2395,1.0,0.5328206376645546,1.0,0
2400,1.0,0.4899360897662317,1.0,0
2405,1.0,0.4899360897662317,1.0,0
2410,1.0,0.4899360897662317,1.0,0
2415,1.0,0.4899360897662317,1.0,0
2420,1.0,0.4899360897662317,1.0,0
2425,1.0,0.4899360897662317,1.0,0
2430,1.0,0.4899360897662317,1.0,0
2435,1.0,0.4899360897662317,1.0,0
2440,1.0,0.4899360897662317,1.0,0
2445,1.0,0.4899360897662317,1.0,0
2450,1.0,0.4899360897662317,1.0,0
2455,1.0,0.4899360897662317,1.0,0
2460,1.0,0.6166433977373463,1.0,0
2465,1.0,0.6166433977373463,1.0,0
2470,1.0,0.6166433977373463,1.0,0
2475,1.0,0.6166433977373463,1.0,0
2480,1.0,0.6166433977373463,1.0,0
2485,1.0,0.6166433977373463,1.0,0
2490,1.0,0.6166433977373463,1.0,0
2495,1.0,0.6166433977373463,1.0,0
2500,1.0,0.6166433977373463,1.0,0
2505,1.0,0.6166433977373463,1.0,0
2510,1.0,0.6166433977373463,1.0,0
2515,1.0,0.6166433977373463,1.0,0
2520,1.0,0.5658106955192488,1.0,0
2525,1.0,0.5658106955192488,1.0,1
2525,1.0,0.5658106955192488,1.0,1
2530,1.0,0.5658106955192488,1.0,1
2535,1.0,0.5658106955192488,1.0,1
2540,1.0,0.5658106955192488,1.0,1
2545,1.0,0.5658106955192488,1.0,1
2550,1.0,0.5658106955192488,1.0,1
2552,1.0,0.5658106955192488,1.0,7
2555,1.0,0.5658106955192488,1.0,7
2560,1.0,0.5658106955192488,1.0,0
2565,1.0,0.5658106955192488,1.0,0
2570,1.0,0.5658106955192488,1.0,0
2575,1.0,0.5658106955192488,1.0,0
2580,1.0,0.45870515121466887,0.930061906250232,0
2585,1.0,0.45870515121466887,0.930061906250232,0
2590,1.0,0.45870515121466887,0.930061906250232,1
2590,1.0,0.45870515121466887,0.930061906250232,1
2595,1.0,0.45870515121466887,0.930061906250232,1
2600,1.0,0.45870515121466887,0.930061906250232,1
2605,1.0,0.45870515121466887,0.930061906250232,1
2610,1.0,0.45870515121466887,0.930061906250232,1
2615,1.0,0.45870515121466887,0.930061906250232,1
2620,1.0,0.45870515121466887,0.930061906250232,1
2624,1.0,0.45870515121466887,0.930061906250232,2
2625,1.0,0.45870515121466887,0.930061906250232,2
2630,1.0,0.45870515121466887,0.930061906250232,2
2635,1.0,0.45870515121466887,0.930061906250232,2
2640,0.9954897357123632,0.5352355905933411,1.0,2
2645,0.9954897357123632,0.5352355905933411,1.0,2
2650,0.9954897357123632,0.5352355905933411,1.0,2
2655,0.9954897357123632,0.5352355905933411,1.0,2
2660,0.9954897357123632,0.5352355905933411,1.0,2
2665,0.9954897357123632,0.5352355905933411,1.0,2
2670,0.9954897357123632,0.5352355905933411,1.0,2
2675,0.9954897357123632,0.5352355905933411,1.0,2
2680,0.9954897357123632,0.5352355905933411,1.0,2
2685,0.9954897357123632,0.5352355905933411,1.0,2
2688,0.9954897357123632,0.5352355905933411,1.0,4
2690,0.9954897357123632,0.5352355905933411,1.0,4
2695,0.9954897357123632,0.5352355905933411,1.0,0
2700,1.0,0.5042256924279227,1.0,0
2705,1.0,0.5042256924279227,1.0,0
2710,1.0,0.5042256924279227,1.0,0
2715,1.0,0.5042256924279227,1.0,0
2720,1.0,0.5042256924279227,1.0,0
2725,1.0,0.5042256924279227,1.0,0
2730,1.0,0.5042256924279227,1.0,0
2735,1.0,0.5042256924279227,1.0,0
2740,1.0,0.5042256924279227,1.0,0
2745,1.0,0.5042256924279227,1.0,0
2750,1.0,0.5042256924279227,1.0,0
2755,1.0,0.5042256924279227,1.0,0
2760,0.9959756893324525,0.5089852143689301,1.0,0
2765,0.9959756893324525,0.5089852143689301,1.0,0
2770,0.9959756893324525,0.5089852143689301,1.0,0
2775,0.9959756893324525,0.5089852143689301,1.0,0
2780,0.9959756893324525,0.5089852143689301,1.0,0
2785,0.9959756893324525,0.5089852143689301,1.0,0
2790,0.9959756893324525,0.5089852143689301,1.0,0
2795,0.9959756893324525,0.5089852143689301,1.0,0
2800,0.9959756893324525,0.5089852143689301,1.0,0
2805,0.9959756893324525,0.5089852143689301,1.0,0
2810,0.9959756893324525,0.5089852143689301,1.0,0
2815,0.9959756893324525,0.5089852143689301,1.0,0
2820,1.0,0.5348272853677108,0.9610198307205475,0
2825,1.0,0.5348272853677108,0.9610198307205475,0
2830,1.0,0.5348272853677108,0.9610198307205475,0
2835,1.0,0.5348272853677108,0.9610198307205475,0
2840,1.0,0.5348272853677108,0.9610198307205475,0
2845,1.0,0.5348272853677108,0.9610198307205475,0
2850,1.0,0.5348272853677108,0.9610198307205475,0
2855,1.0,0.5348272853677108,0.9610198307205475,0
2860,1.0,0.5348272853677108,0.9610198307205475,0
2863,1.0,0.5348272853677108,0.9610198307205475,1
2865,1.0,0.5348272853677108,0.9610198307205475,1
2870,1.0,0.5348272853677108,0.9610198307205475,1
2875,1.0,0.5348272853677108,0.9610198307205475,1
2880,0.9602577777062918,0.554776311273431,0.9212502573090368,1
2885,0.9602577777062918,0.554776311273431,0.9212502573090368,1
2890,0.9602577777062918,0.554776311273431,0.9212502573090368,1
2894,0.9602577777062918,0.554776311273431,0.9212502573090368,2
2895,0.9602577777062918,0.554776311273431,0.9212502573090368,2
2900,0.9602577777062918,0.554776311273431,0.9212502573090368,2
2905,0.9602577777062918,0.554776311273431,0.9212502573090368,2
2910,0.9602577777062918,0.554776311273431,0.9212502573090368,2
2915,0.9602577777062918,0.554776311273431,0.9212502573090368,2
2920,0.9602577777062918,0.554776311273431,0.9212502573090368,2
2925,0.9602577777062918,0.554776311273431,0.9212502573090368,2
2930,0.9602577777062918,0.554776311273431,0.9212502573090368,2
2935,0.9602577777062918,0.554776311273431,0.9212502573090368,2
2940,1.0,0.5359537162434208,1.0,2
2941,1.0,0.5359537162434208,1.0,4
2945,1.0,0.5359537162434208,1.0,4
2950,1.0,0.5359537162434208,1.0,0
2955,1.0,0.5359537162434208,1.0,0
2960,1.0,0.5359537162434208,1.0,0
2965,1.0,0.5359537162434208,1.0,0
2970,1.0,0.5359537162434208,1.0,0
2972,1.0,0.5359537162434208,1.0,1
2975,1.0,0.5359537162434208,1.0,1
2980,1.0,0.5359537162434208,1.0,1
2985,1.0,0.5359537162434208,1.0,1
2990,1.0,0.5359537162434208,1.0,1
2995,1.0,0.5359537162434208,1.0,1
3000,0.9716532823694688,0.5275889752203877,1.0,1
3005,0.9716532823694688,0.5275889752203877,1.0,1
3005,0.9716532823694688,0.5275889752203877,1.0,2
3010,0.9716532823694688,0.5275889752203877,1.0,2
3015,0.9716532823694688,0.5275889752203877,1.0,2
3020,0.9716532823694688,0.5275889752203877,1.0,2
3025,0.9716532823694688,0.5275889752203877,1.0,2
3030,0.9716532823694688,0.5275889752203877,1.0,2
3035,0.9716532823694688,0.5275889752203877,1.0,2
3040,0.9716532823694688,0.5275889752203877,1.0,2
3045,0.9716532823694688,0.5275889752203877,1.0,2
3047,0.9716532823694688,0.5275889752203877,1.0,4
3050,0.9716532823694688,0.5275889752203877,1.0,4
3055,0.9716532823694688,0.5275889752203877,1.0,0
3060,1.0,0.5644804038746709,0.9887266699320502,0
3065,1.0,0.5644804038746709,0.9887266699320502,0
3067,1.0,0.5644804038746709,0.9887266699320502,1
3070,1.0,0.5644804038746709,0.9887266699320502,1
3075,1.0,0.5644804038746709,0.9887266699320502,1
3080,1.0,0.5644804038746709,0.9887266699320502,1
3085,1.0,0.5644804038746709,0.9887266699320502,1
3090,1.0,0.5644804038746709,0.9887266699320502,1
3092,1.0,0.5644804038746709,0.9887266699320502,2
3095,1.0,0.5644804038746709,0.9887266699320502,2
3100,1.0,0.5644804038746709,0.9887266699320502,2
3105,1.0,0.5644804038746709,0.9887266699320502,2
3110,1.0,0.5644804038746709,0.9887266699320502,2
3115,1.0,0.5644804038746709,0.9887266699320502,2
3120,0.9827591121342374,0.5130702215891781,1.0,2
3125,0.9827591121342374,0.5130702215891781,1.0,2
3126,0.9827591121342374,0.5130702215891781,1.0,4
3130,0.9827591121342374,0.5130702215891781,1.0,4
3135,0.9827591121342374,0.5130702215891781,1.0,0
3140,0.9827591121342374,0.5130702215891781,1.0,0
3145,0.9827591121342374,0.5130702215891781,1.0,0
3150,0.9827591121342374,0.5130702215891781,1.0,0
3155,0.9827591121342374,0.5130702215891781,1.0,0
3160,0.9827591121342374,0.5130702215891781,1.0,0
3165,0.9827591121342374,0.5130702215891781,1.0,0
3170,0.9827591121342374,0.5130702215891781,1.0,0
3175,0.9827591121342374,0.5130702215891781,1.0,0
3180,1.0,0.46167333594093973,1.0,0
3185,1.0,0.46167333594093973,1.0,0
3190,1.0,0.46167333594093973,1.0,0
3195,1.0,0.46167333594093973,1.0,0
3200,1.0,0.46167333594093973,1.0,0
3205,1.0,0.46167333594093973,1.0,0
3210,1.0,0.46167333594093973,1.0,0
3215,1.0,0.46167333594093973,1.0,0
3220,1.0,0.46167333594093973,1.0,0
3225,1.0,0.46167333594093973,1.0,0
3230,1.0,0.46167333594093973,1.0,0
3232,1.0,0.46167333594093973,1.0,1
3235,1.0,0.46167333594093973,1.0,1
3240,0.9042548817846143,0.5036080082499675,1.0,1
3245,0.9042548817846143,0.5036080082499675,1.0,1
3250,0.9042548817846143,0.5036080082499675,1.0,1
3255,0.9042548817846143,0.5036080082499675,1.0,1
3260,0.9042548817846143,0.5036080082499675,1.0,1
3265,0.9042548817846143,0.5036080082499675,1.0,1
3270,0.9042548817846143,0.5036080082499675,1.0,1
3275,0.9042548817846143,0.5036080082499675,1.0,1
3275,0.9042548817846143,0.5036080082499675,1.0,7
3280,0.9042548817846143,0.5036080082499675,1.0,7
3285,0.9042548817846143,0.5036080082499675,1.0,0
3290,0.9042548817846143,0.5036080082499675,1.0,0
3295,0.9042548817846143,0.5036080082499675,1.0,0
3300,0.8714450042312223,0.47176542540114896,1.0,0
3305,0.8714450042312223,0.47176542540114896,1.0,0
3310,0.8714450042312223,0.47176542540114896,1.0,0
3315,0.8714450042312223,0.47176542540114896,1.0,0
3320,0.8714450042312223,0.47176542540114896,1.0,0
3325,0.8714450042312223,0.47176542540114896,1.0,0
3330,0.8714450042312223,0.47176542540114896,1.0,0
3335,0.8714450042312223,0.47176542540114896,1.0,0
3340,0.8714450042312223,0.47176542540114896,1.0,0
3345,0.8714450042312223,0.47176542540114896,1.0,0
3350,0.8714450042312223,0.47176542540114896,1.0,0
3355,0.8714450042312223,0.47176542540114896,1.0,0
3360,0.9673682027060894,0.4044591601480112,0.9866568324755004,0
3365,0.9673682027060894,0.4044591601480112,0.9866568324755004,0
3370,0.9673682027060894,0.4044591601480112,0.9866568324755004,0
3375,0.9673682027060894,0.4044591601480112,0.9866568324755004,0
3379,0.9673682027060894,0.4044591601480112,0.9866568324755004,1
3380,0.9673682027060894,0.4044591601480112,0.9866568324755004,1
3385,0.9673682027060894,0.4044591601480112,0.9866568324755004,1
3390,0.9673682027060894,0.4044591601480112,0.9866568324755004,1
3395,0.9673682027060894,0.4044591601480112,0.9866568324755004,1
3400,0.9673682027060894,0.4044591601480112,0.9866568324755004,1
3405,0.9673682027060894,0.4044591601480112,0.9866568324755004,1
3410,0.9673682027060894,0.4044591601480112,0.9866568324755004,1
3415,0.9673682027060894,0.4044591601480112,0.9866568324755004,1
3420,1.0,0.5430036501977192,1.0,1
3424,1.0,0.5430036501977192,1.0,2
3425,1.0,0.5430036501977192,1.0,2
3430,1.0,0.5430036501977192,1.0,2
3435,1.0,0.5430036501977192,1.0,2
3440,1.0,0.5430036501977192,1.0,2
3445,1.0,0.5430036501977192,1.0,2
3450,1.0,0.5430036501977192,1.0,2
3455,1.0,0.5430036501977192,1.0,2
3460,1.0,0.5430036501977192,1.0,2
3465,1.0,0.5430036501977192,1.0,2
3467,1.0,0.5430036501977192,1.0,4
3470,1.0,0.5430036501977192,1.0,4
3475,1.0,0.5430036501977192,1.0,0
3480,1.0,0.4206231309899668,1.0,0
3485,1.0,0.4206231309899668,1.0,0
3490,1.0,0.4206231309899668,1.0,1
3490,1.0,0.4206231309899668,1.0,1
3495,1.0,0.4206231309899668,1.0,1
3500,1.0,0.4206231309899668,1.0,1
3505,1.0,0.4206231309899668,1.0,1
3510,1.0,0.4206231309899668,1.0,1
3515,1.0,0.4206231309899668,1.0,1
3520,1.0,0.4206231309899668,1.0,1
3525,1.0,0.4206231309899668,1.0,1
3526,1.0,0.4206231309899668,1.0,2
3530,1.0,0.4206231309899668,1.0,2
3535,1.0,0.4206231309899668,1.0,2
3540,0.9728080990032109,0.539543856746773,1.0,2
3545,0.9728080990032109,0.539543856746773,1.0,2
3550,0.9728080990032109,0.539543856746773,1.0,2
3555,0.9728080990032109,0.539543856746773,1.0,2
3560,0.9728080990032109,0.539543856746773,1.0,2
3565,0.9728080990032109,0.539543856746773,1.0,2
3566,0.9728080990032109,0.539543856746773,1.0,4
3570,0.9728080990032109,0.539543856746773,1.0,4
3575,0.9728080990032109,0.539543856746773,1.0,0
3580,0.9728080990032109,0.539543856746773,1.0,0
3585,0.9728080990032109,0.539543856746773,1.0,0
3590,0.9728080990032109,0.539543856746773,1.0,0
3595,0.9728080990032109,0.539543856746773,1.0,0
3600,1.0,0.40862054678804277,0.9722187388800573,0
3605,1.0,0.40862054678804277,0.9722187388800573,0
3610,1.0,0.40862054678804277,0.9722187388800573,0
3615,1.0,0.40862054678804277,0.9722187388800573,0
3620,1.0,0.40862054678804277,0.9722187388800573,0
3625,1.0,0.40862054678804277,0.9722187388800573,0
3630,1.0,0.40862054678804277,0.9722187388800573,0
3635,1.0,0.40862054678804277,0.9722187388800573,0
3640,1.0,0.40862054678804277,0.9722187388800573,0
3645,1.0,0.40862054678804277,0.9722187388800573,0
3650,1.0,0.40862054678804277,0.9722187388800573,0
3655,1.0,0.40862054678804277,0.9722187388800573,0
3660,0.9737804898502688,0.45019925652719134,1.0,0
3665,0.9737804898502688,0.45019925652719134,1.0,0
3670,0.9737804898502688,0.45019925652719134,1.0,0
3675,0.9737804898502688,0.45019925652719134,1.0,0
3680,0.9737804898502688,0.45019925652719134,1.0,0
3685,0.9737804898502688,0.45019925652719134,1.0,1
3686,0.9737804898502688,0.45019925652719134,1.0,1
3690,0.9737804898502688,0.45019925652719134,1.0,1
3695,0.9737804898502688,0.45019925652719134,1.0,1
3700,0.9737804898502688,0.45019925652719134,1.0,1
3705,0.9737804898502688,0.45019925652719134,1.0,1
3710,0.9737804898502688,0.45019925652719134,1.0,1
3715,0.9737804898502688,0.45019925652719134,1.0,1
3720,0.9337008053981178,0.5029606762394235,0.8836113240416024,1
3725,0.9337008053981178,0.5029606762394235,0.8836113240416024,1
3729,0.9337008053981178,0.5029606762394235,0.8836113240416024,7
3730,0.9337008053981178,0.5029606762394235,0.8836113240416024,7
3735,0.9337008053981178,0.5029606762394235,0.8836113240416024,0
3740,0.9337008053981178,0.5029606762394235,0.8836113240416024,0
3745,0.9337008053981178,0.5029606762394235,0.8836113240416024,0
3750,0.9337008053981178,0.5029606762394235,0.8836113240416024,0
3755,0.9337008053981178,0.5029606762394235,0.8836113240416024,0
3760,0.9337008053981178,0.5029606762394235,0.8836113240416024,1
3760,0.9337008053981178,0.5029606762394235,0.8836113240416024,1
3765,0.9337008053981178,0.5029606762394235,0.8836113240416024,1
3770,0.9337008053981178,0.5029606762394235,0.8836113240416024,1
3775,0.9337008053981178,0.5029606762394235,0.8836113240416024,1
3780,1.0,0.5100634830139413,1.0,1
3785,1.0,0.5100634830139413,1.0,1
3790,1.0,0.5100634830139413,1.0,1
3795,1.0,0.5100634830139413,1.0,1
3800,1.0,0.5100634830139413,1.0,1
3805,1.0,0.5100634830139413,1.0,1
3810,1.0,0.5100634830139413,1.0,1
3815,1.0,0.5100634830139413,1.0,1
3819,1.0,0.5100634830139413,1.0,3
3819,1.0,0.5100634830139413,1.0,9
3820,1.0,0.5100634830139413,1.0,9
3825,1.0,0.5100634830139413,1.0,0
3830,1.0,0.5100634830139413,1.0,0
3835,1.0,0.5100634830139413,1.0,0
3840,0.9858641779620401,0.4883439070654974,0.9716105808771653,0
3845,0.9858641779620401,0.4883439070654974,0.9716105808771653,0
3850,0.9858641779620401,0.4883439070654974,0.9716105808771653,0
3855,0.9858641779620401,0.4883439070654974,0.9716105808771653,0
3860,0.9858641779620401,0.4883439070654974,0.9716105808771653,0
3865,0.9858641779620401,0.4883439070654974,0.9716105808771653,0
3870,0.9858641779620401,0.4883439070654974,0.9716105808771653,0
3875,0.9858641779620401,0.4883439070654974,0.9716105808771653,0
3880,0.9858641779620401,0.4883439070654974,0.9716105808771653,0
3885,0.9858641779620401,0.4883439070654974,0.9716105808771653,0
3890,0.9858641779620401,0.4883439070654974,0.9716105808771653,0
3895,0.9858641779620401,0.4883439070654974,0.9716105808771653,0
3900,1.0,0.46992343639235606,0.9594546241050347,0
3905,1.0,0.46992343639235606,0.9594546241050347,0
3910,1.0,0.46992343639235606,0.9594546241050347,0
3915,1.0,0.46992343639235606,0.9594546241050347,0
3920,1.0,0.46992343639235606,0.9594546241050347,0
3925,1.0,0.46992343639235606,0.9594546241050347,0
3930,1.0,0.46992343639235606,0.9594546241050347,0
3935,1.0,0.46992343639235606,0.9594546241050347,0
3940,1.0,0.46992343639235606,0.9594546241050347,0
3945,1.0,0.46992343639235606,0.9594546241050347,0
3950,1.0,0.46992343639235606,0.9594546241050347,0
3955,1.0,0.46992343639235606,0.9594546241050347,0
3960,1.0,0.5407105776360753,0.9001210104847411,0
3965,1.0,0.5407105776360753,0.9001210104847411,0
3970,1.0,0.5407105776360753,0.9001210104847411,0
3975,1.0,0.5407105776360753,0.9001210104847411,0
3980,1.0,0.5407105776360753,0.9001210104847411,0
3985,1.0,0.5407105776360753,0.9001210104847411,0
3990,1.0,0.5407105776360753,0.9001210104847411,0
3995,1.0,0.5407105776360753,0.9001210104847411,0
4000,1.0,0.5407105776360753,0.9001210104847411,0
4005,1.0,0.5407105776360753,0.9001210104847411,0
4010,1.0,0.5407105776360753,0.9001210104847411,0
4015,1.0,0.5407105776360753,0.9001210104847411,0
4020,0.999077303848564,0.4508591641692469,1.0,0
4025,0.999077303848564,0.4508591641692469,1.0,0
4030,0.999077303848564,0.4508591641692469,1.0,0
4035,0.999077303848564,0.4508591641692469,1.0,0
4040,0.999077303848564,0.4508591641692469,1.0,0
4045,0.999077303848564,0.4508591641692469,1.0,0
4050,0.999077303848564,0.4508591641692469,1.0,0
4055,0.999077303848564,0.4508591641692469,1.0,0
4060,0.999077303848564,0.4508591641692469,1.0,0
4065,0.999077303848564,0.4508591641692469,1.0,0
4070,0.999077303848564,0.4508591641692469,1.0,0
4075,0.999077303848564,0.4508591641692469,1.0,0
4080,0.9592339664748533,0.5100514125401594,0.95377134462368,0
4085,0.9592339664748533,0.5100514125401594,0.95377134462368,0
4088,0.9592339664748533,0.5100514125401594,0.95377134462368,1
4090,0.9592339664748533,0.5100514125401594,0.95377134462368,1
4095,0.9592339664748533,0.5100514125401594,0.95377134462368,1
4100,0.9592339664748533,0.5100514125401594,0.95377134462368,1
4105,0.9592339664748533,0.5100514125401594,0.95377134462368,1
4110,0.9592339664748533,0.5100514125401594,0.95377134462368,1
4115,0.9592339664748533,0.5100514125401594,0.95377134462368,1
4120,0.9592339664748533,0.5100514125401594,0.95377134462368,1
4121,0.9592339664748533,0.5100514125401594,0.95377134462368,2
4125,0.9592339664748533,0.5100514125401594,0.95377134462368,2
4130,0.9592339664748533,0.5100514125401594,0.95377134462368,2
4135,0.9592339664748533,0.5100514125401594,0.95377134462368,2
4140,1.0,0.4569786972431909,1.0,2
4145,1.0,0.4569786972431909,1.0,2
4150,1.0,0.4569786972431909,1.0,2
4155,1.0,0.4569786972431909,1.0,2
4160,1.0,0.4569786972431909,1.0,2
4165,1.0,0.4569786972431909,1.0,2
4166,1.0,0.4569786972431909,1.0,4
4170,1.0,0.4569786972431909,1.0,4
4175,1.0,0.4569786972431909,1.0,0
4180,1.0,0.4569786972431909,1.0,0
4185,1.0,0.4569786972431909,1.0,0
4190,1.0,0.4569786972431909,1.0,0
4195,1.0,0.4569786972431909,1.0,0
4200,1.0,0.47000207400306415,0.9598809213600142,0
4205,1.0,0.47000207400306415,0.9598809213600142,0
4210,1.0,0.47000207400306415,0.9598809213600142,1
4211,1.0,0.47000207400306415,0.9598809213600142,1
4215,1.0,0.47000207400306415,0.9598809213600142,1
4220,1.0,0.47000207400306415,0.9598809213600142,1
4225,1.0,0.47000207400306415,0.9598809213600142,1
4230,1.0,0.47000207400306415,0.9598809213600142,1
4235,1.0,0.47000207400306415,0.9598809213600142,1
4240,1.0,0.47000207400306415,0.9598809213600142,1
4243,1.0,0.47000207400306415,0.9598809213600142,2
4245,1.0,0.47000207400306415,0.9598809213600142,2
4250,1.0,0.47000207400306415,0.9598809213600142,2
4255,1.0,0.47000207400306415,0.9598809213600142,2
4260,0.9766437767356237,0.46826333592308667,0.9484376840612372,2
4265,0.9766437767356237,0.46826333592308667,0.9484376840612372,2
4270,0.9766437767356237,0.46826333592308667,0.9484376840612372,2
4275,0.9766437767356237,0.46826333592308667,0.9484376840612372,2
4280,0.9766437767356237,0.46826333592308667,0.9484376840612372,2
4285,0.9766437767356237,0.46826333592308667,0.9484376840612372,2
4290,0.9766437767356237,0.46826333592308667,0.9484376840612372,2
4295,0.9766437767356237,0.46826333592308667,0.9484376840612372,2
4300,0.9766437767356237,0.46826333592308667,0.9484376840612372,2
4300,0.9766437767356237,0.46826333592308667,0.9484376840612372,4
4305,0.9766437767356237,0.46826333592308667,0.9484376840612372,4
4310,0.9766437767356237,0.46826333592308667,0.9484376840612372,0
4315,0.9766437767356237,0.46826333592308667,0.9484376840612372,0
4320,0.8816382911951892,0.4429648266069435,0.9730815794798703,0
4325,0.8816382911951892,0.4429648266069435,0.9730815794798703,0
4330,0.8816382911951892,0.4429648266069435,0.9730815794798703,0
4334,0.8816382911951892,0.4429648266069435,0.9730815794798703,1
4335,0.8816382911951892,0.4429648266069435,0.9730815794798703,1
4340,0.8816382911951892,0.4429648266069435,0.9730815794798703,1
4345,0.8816382911951892,0.4429648266069435,0.9730815794798703,1
4350,0.8816382911951892,0.4429648266069435,0.9730815794798703,1
4355,0.8816382911951892,0.4429648266069435,0.9730815794798703,1
4360,0.8816382911951892,0.4429648266069435,0.9730815794798703,1
4365,0.8816382911951892,0.4429648266069435,0.9730815794798703,1
4370,0.8816382911951892,0.4429648266069435,0.9730815794798703,1
4375,0.8816382911951892,0.4429648266069435,0.9730815794798703,1
4380,1.0,0.4844821243865027,1.0,1
4385,1.0,0.4844821243865027,1.0,1
4390,1.0,0.4844821243865027,1.0,1
4395,1.0,0.4844821243865027,1.0,1
4398,1.0,0.4844821243865027,1.0,7
4400,1.0,0.4844821243865027,1.0,7
4405,1.0,0.4844821243865027,1.0,0
4410,1.0,0.4844821243865027,1.0,0
4415,1.0,0.4844821243865027,1.0,0
4420,1.0,0.4844821243865027,1.0,0
4425,1.0,0.4844821243865027,1.0,0
4430,1.0,0.4844821243865027,1.0,0
4435,1.0,0.4844821243865027,1.0,0
4440,1.0,0.5890143083658728,1.0,0
4445,1.0,0.5890143083658728,1.0,0
4450,1.0,0.5890143083658728,1.0,0
4455,1.0,0.5890143083658728,1.0,0
4460,1.0,0.5890143083658728,1.0,0
4465,1.0,0.5890143083658728,1.0,0
4470,1.0,0.5890143083658728,1.0,0
4475,1.0,0.5890143083658728,1.0,0
4480,1.0,0.5890143083658728,1.0,0
4485,1.0,0.5890143083658728,1.0,0
4490,1.0,0.5890143083658728,1.0,0
4495,1.0,0.5890143083658728,1.0,0
4497,1.0,0.5890143083658728,1.0,1
4500,0.9418445834854479,0.3936926765817199,0.9734064178559281,1
4505,0.9418445834854479,0.3936926765817199,0.9734064178559281,1
4510,0.9418445834854479,0.3936926765817199,0.9734064178559281,1
4515,0.9418445834854479,0.3936926765817199,0.9734064178559281,1
4520,0.9418445834854479,0.3936926765817199,0.9734064178559281,1
4525,0.9418445834854479,0.3936926765817199,0.9734064178559281,1
4530,0.9418445834854479,0.3936926765817199,0.9734064178559281,1
4530,0.9418445834854479,0.3936926765817199,0.9734064178559281,2
4535,0.9418445834854479,0.3936926765817199,0.9734064178559281,2
4540,0.9418445834854479,0.3936926765817199,0.9734064178559281,2
4545,0.9418445834854479,0.3936926765817199,0.9734064178559281,2
4550,0.9418445834854479,0.3936926765817199,0.9734064178559281,2
4555,0.9418445834854479,0.3936926765817199,0.9734064178559281,2
4560,0.9501752535897474,0.5875571830009605,0.9660144589309836,2
4565,0.9501752535897474,0.5875571830009605,0.9660144589309836,2
4570,0.9501752535897474,0.5875571830009605,0.9660144589309836,2
4575,0.9501752535897474,0.5875571830009605,0.9660144589309836,2
4580,0.9501752535897474,0.5875571830009605,0.9660144589309836,2
4581,0.9501752535897474,0.5875571830009605,0.9660144589309836,4
4585,0.9501752535897474,0.5875571830009605,0.9660144589309836,4
4590,0.9501752535897474,0.5875571830009605,0.9660144589309836,0
4595,0.9501752535897474,0.5875571830009605,0.9660144589309836,0
4600,0.9501752535897474,0.5875571830009605,0.9660144589309836,0
4605,0.9501752535897474,0.5875571830009605,0.9660144589309836,0
4610,0.9501752535897474,0.5875571830009605,0.9660144589309836,0
4615,0.9501752535897474,0.5875571830009605,0.9660144589309836,0
4620,1.0,0.5426688388568215,1.0,0
4625,1.0,0.5426688388568215,1.0,0
4630,1.0,0.5426688388568215,1.0,0
4635,1.0,0.5426688388568215,1.0,0
4640,1.0,0.5426688388568215,1.0,0
4645,1.0,0.5426688388568215,1.0,0
4650,1.0,0.5426688388568215,1.0,0
4655,1.0,0.5426688388568215,1.0,0
4660,1.0,0.5426688388568215,1.0,0
4665,1.0,0.5426688388568215,1.0,0
4670,1.0,0.5426688388568215,1.0,0
4675,1.0,0.5426688388568215,1.0,0
4680,0.9994709472147651,0.4877689350665472,0.9098510105307889,0
4685,0.9994709472147651,0.4877689350665472,0.9098510105307889,0
4690,0.9994709472147651,0.4877689350665472,0.9098510105307889,0
4695,0.9994709472147651,0.4877689350665472,0.9098510105307889,0
4700,0.9994709472147651,0.4877689350665472,0.9098510105307889,0
4705,0.9994709472147651,0.4877689350665472,0.9098510105307889,0
4710,0.9994709472147651,0.4877689350665472,0.9098510105307889,0
4715,0.9994709472147651,0.4877689350665472,0.9098510105307889,0
4720,0.9994709472147651,0.4877689350665472,0.9098510105307889,0
4725,0.9994709472147651,0.4877689350665472,0.9098510105307889,0
4730,0.9994709472147651,0.4877689350665472,0.9098510105307889,0
4735,0.9994709472147651,0.4877689350665472,0.9098510105307889,0
4740,1.0,0.5141151920550218,0.9281492016217461,0
4745,1.0,0.5141151920550218,0.9281492016217461,0
4750,1.0,0.5141151920550218,0.9281492016217461,0
4755,1.0,0.5141151920550218,0.9281492016217461,0
4760,1.0,0.5141151920550218,0.9281492016217461,1
4761,1.0,0.5141151920550218,0.9281492016217461,1
4765,1.0,0.5141151920550218,0.9281492016217461,1
4770,1.0,0.5141151920550218,0.9281492016217461,1
4775,1.0,0.5141151920550218,0.9281492016217461,1
4780,1.0,0.5141151920550218,0.9281492016217461,1
4785,1.0,0.5141151920550218,0.9281492016217461,1
4790,1.0,0.5141151920550218,0.9281492016217461,1
4795,1.0,0.5141151920550218,0.9281492016217461,1
4795,1.0,0.5141151920550218,0.9281492016217461,2
4800,0.9761001781589861,0.5668991718699944,1.0,2
4805,0.9761001781589861,0.5668991718699944,1.0,2
4810,0.9761001781589861,0.5668991718699944,1.0,2
4815,0.9761001781589861,0.5668991718699944,1.0,2
4820,0.9761001781589861,0.5668991718699944,1.0,2
4825,0.9761001781589861,0.5668991718699944,1.0,2
4830,0.9761001781589861,0.5668991718699944,1.0,2
4835,0.9761001781589861,0.5668991718699944,1.0,2
4840,0.9761001781589861,0.5668991718699944,1.0,2
4845,0.9761001781589861,0.5668991718699944,1.0,2
4847,0.9761001781589861,0.5668991718699944,1.0,8
4850,0.9761001781589861,0.5668991718699944,1.0,8
4855,0.9761001781589861,0.5668991718699944,1.0,0
4860,1.0,0.56740702531481,0.9877999141865884,0
4865,1.0,0.56740702531481,0.9877999141865884,0
4870,1.0,0.56740702531481,0.9877999141865884,0
4875,1.0,0.56740702531481,0.9877999141865884,0
4880,1.0,0.56740702531481,0.9877999141865884,0
4885,1.0,0.56740702531481,0.9877999141865884,0
4890,1.0,0.56740702531481,0.9877999141865884,0
4895,1.0,0.56740702531481,0.9877999141865884,0
4900,1.0,0.56740702531481,0.9877999141865884,0
4905,1.0,0.56740702531481,0.9877999141865884,0
4910,1.0,0.56740702531481,0.9877999141865884,0
4915,1.0,0.56740702531481,0.9877999141865884,0
4920,1.0,0.4749974816574793,1.0,0
4925,1.0,0.4749974816574793,1.0,0
4930,1.0,0.4749974816574793,1.0,0
4935,1.0,0.4749974816574793,1.0,0
4940,1.0,0.4749974816574793,1.0,0
4945,1.0,0.4749974816574793,1.0,0
4950,1.0,0.4749974816574793,1.0,0
4955,1.0,0.4749974816574793,1.0,0
4960,1.0,0.4749974816574793,1.0,0
4965,1.0,0.4749974816574793,1.0,0
4970,1.0,0.4749974816574793,1.0,0
4975,1.0,0.4749974816574793,1.0,0
4980,0.9700410529904449,0.5671681507000021,0.946941871799659,0
4985,0.9700410529904449,0.5671681507000021,0.946941871799659,0
4990,0.9700410529904449,0.5671681507000021,0.946941871799659,0
4995,0.9700410529904449,0.5671681507000021,0.946941871799659,0
5000,0.9700410529904449,0.5671681507000021,0.946941871799659,0
5005,0.9700410529904449,0.5671681507000021,0.946941871799659,0
5010,0.9700410529904449,0.5671681507000021,0.946941871799659,0
5015,0.9700410529904449,0.5671681507000021,0.946941871799659,0
5020,0.9700410529904449,0.5671681507000021,0.946941871799659,0
5025,0.9700410529904449,0.5671681507000021,0.946941871799659,0
5027,0.9700410529904449,0.5671681507000021,0.946941871799659,1
5030,0.9700410529904449,0.5671681507000021,0.946941871799659,1
5035,0.9700410529904449,0.5671681507000021,0.946941871799659,1
5040,0.8854459485116123,0.5256766217261994,0.9536293652479106,1
5045,0.8854459485116123,0.5256766217261994,0.9536293652479106,1
5050,0.8854459485116123,0.5256766217261994,0.9536293652479106,1
5055,0.8854459485116123,0.5256766217261994,0.9536293652479106,1
5059,0.8854459485116123,0.5256766217261994,0.9536293652479106,7
5060,0.8854459485116123,0.5256766217261994,0.9536293652479106,7
5065,0.8854459485116123,0.5256766217261994,0.9536293652479106,7
5070,0.8854459485116123,0.5256766217261994,0.9536293652479106,0
5075,0.8854459485116123,0.5256766217261994,0.9536293652479106,0
5080,0.8854459485116123,0.5256766217261994,0.9536293652479106,0
5085,0.8854459485116123,0.5256766217261994,0.9536293652479106,0
5090,0.8854459485116123,0.5256766217261994,0.9536293652479106,1
5090,0.8854459485116123,0.5256766217261994,0.9536293652479106,1
5095,0.8854459485116123,0.5256766217261994,0.9536293652479106,1
5100,0.955008915754518,0.5174777207674398,1.0,1
5105,0.955008915754518,0.5174777207674398,1.0,1
5110,0.955008915754518,0.5174777207674398,1.0,1
5115,0.955008915754518,0.5174777207674398,1.0,1
5115,0.955008915754518,0.5174777207674398,1.0,2
5120,0.955008915754518,0.5174777207674398,1.0,2
5125,0.955008915754518,0.5174777207674398,1.0,2
5130,0.955008915754518,0.5174777207674398,1.0,2
5135,0.955008915754518,0.5174777207674398,1.0,2
5140,0.955008915754518,0.5174777207674398,1.0,2
5145,0.955008915754518,0.5174777207674398,1.0,2
5150,0.955008915754518,0.5174777207674398,1.0,2
5155,0.955008915754518,0.5174777207674398,1.0,2
5160,1.0,0.5738255855645935,1.0,2
5165,1.0,0.5738255855645935,1.0,2
5170,1.0,0.5738255855645935,1.0,2
5175,1.0,0.5738255855645935,1.0,2
5180,1.0,0.5738255855645935,1.0,2
5184,1.0,0.5738255855645935,1.0,4
5185,1.0,0.5738255855645935,1.0,4
5190,1.0,0.5738255855645935,1.0,0
5195,1.0,0.5738255855645935,1.0,0
5200,1.0,0.5738255855645935,1.0,0
5205,1.0,0.5738255855645935,1.0,0
5210,1.0,0.5738255855645935,1.0,0
5215,1.0,0.5738255855645935,1.0,0
5220,1.0,0.49353858468056505,1.0,0
5225,1.0,0.49353858468056505,1.0,0
5230,1.0,0.49353858468056505,1.0,0
5235,1.0,0.49353858468056505,1.0,0
5240,1.0,0.49353858468056505,1.0,0
5245,1.0,0.49353858468056505,1.0,0
5250,1.0,0.49353858468056505,1.0,0
5255,1.0,0.49353858468056505,1.0,0
5260,1.0,0.49353858468056505,1.0,0
5265,1.0,0.49353858468056505,1.0,0
5270,1.0,0.49353858468056505,1.0,0
5275,1.0,0.49353858468056505,1.0,0
5280,1.0,0.48516760819771315,0.9834458015531757,0
5285,1.0,0.48516760819771315,0.9834458015531757,0
5290,1.0,0.48516760819771315,0.9834458015531757,0
5295,1.0,0.48516760819771315,0.9834458015531757,0
5300,1.0,0.48516760819771315,0.9834458015531757,0
5305,1.0,0.48516760819771315,0.9834458015531757,0
5310,1.0,0.48516760819771315,0.9834458015531757,0
5315,1.0,0.48516760819771315,0.9834458015531757,0
5320,1.0,0.48516760819771315,0.9834458015531757,0
5325,1.0,0.48516760819771315,0.9834458015531757,0
5330,1.0,0.48516760819771315,0.9834458015531757,0
5333,1.0,0.48516760819771315,0.9834458015531757,1
5335,1.0,0.48516760819771315,0.9834458015531757,1
5340,1.0,0.49808981502242333,0.9996799842028606,1
5345,1.0,0.49808981502242333,0.9996799842028606,1
5350,1.0,0.49808981502242333,0.9996799842028606,1
5355,1.0,0.49808981502242333,0.9996799842028606,1
5360,1.0,0.49808981502242333,0.9996799842028606,1
5365,1.0,0.49808981502242333,0.9996799842028606,1
5370,1.0,0.49808981502242333,0.9996799842028606,1
5370,1.0,0.49808981502242333,0.9996799842028606,7
5375,1.0,0.49808981502242333,0.9996799842028606,7
5380,1.0,0.49808981502242333,0.9996799842028606,0
5385,1.0,0.49808981502242333,0.9996799842028606,0
5390,1.0,0.49808981502242333,0.9996799842028606,0
5395,1.0,0.49808981502242333,0.9996799842028606,0
5400,0.9929150978652267,0.4983827295037558,0.9999115520579195,0
5405,0.9929150978652267,0.4983827295037558,0.9999115520579195,0
5410,0.9929150978652267,0.4983827295037558,0.9999115520579195,0
5415,0.9929150978652267,0.4983827295037558,0.9999115520579195,0
5420,0.9929150978652267,0.4983827295037558,0.9999115520579195,1
5420,0.9929150978652267,0.4983827295037558,0.9999115520579195,1
5425,0.9929150978652267,0.4983827295037558,0.9999115520579195,1
5430,0.9929150978652267,0.4983827295037558,0.9999115520579195,1
5435,0.9929150978652267,0.4983827295037558,0.9999115520579195,1
5440,0.9929150978652267,0.4983827295037558,0.9999115520579195,1
5445,0.9929150978652267,0.4983827295037558,0.9999115520579195,1
5450,0.9929150978652267,0.4983827295037558,0.9999115520579195,1
5455,0.9929150978652267,0.4983827295037558,0.9999115520579195,1
5460,0.9355080988499921,0.5004343208834946,0.92922455716079,1
5465,0.9355080988499921,0.5004343208834946,0.92922455716079,1
5470,0.9355080988499921,0.5004343208834946,0.92922455716079,1
5475,0.9355080988499921,0.5004343208834946,0.92922455716079,1
5477,0.9355080988499921,0.5004343208834946,0.92922455716079,3
5477,0.9355080988499921,0.5004343208834946,0.92922455716079,9
5480,0.9355080988499921,0.5004343208834946,0.92922455716079,9
5485,0.9355080988499921,0.5004343208834946,0.92922455716079,0
5490,0.9355080988499921,0.5004343208834946,0.92922455716079,0
5495,0.9355080988499921,0.5004343208834946,0.92922455716079,0
5500,0.9355080988499921,0.5004343208834946,0.92922455716079,0
5505,0.9355080988499921,0.5004343208834946,0.92922455716079,0
5510,0.9355080988499921,0.5004343208834946,0.92922455716079,0
5515,0.9355080988499921,0.5004343208834946,0.92922455716079,0
5520,0.9660525895076832,0.427576652189938,0.9727780466451871,0
5525,0.9660525895076832,0.427576652189938,0.9727780466451871,0
5530,0.9660525895076832,0.427576652189938,0.9727780466451871,0
5535,0.9660525895076832,0.427576652189938,0.9727780466451871,0
5540,0.9660525895076832,0.427576652189938,0.9727780466451871,0
5545,0.9660525895076832,0.427576652189938,0.9727780466451871,0
5550,0.9660525895076832,0.427576652189938,0.9727780466451871,0
5555,0.9660525895076832,0.427576652189938,0.9727780466451871,0
5560,0.9660525895076832,0.427576652189938,0.9727780466451871,0
5565,0.9660525895076832,0.427576652189938,0.9727780466451871,0
5570,0.9660525895076832,0.427576652189938,0.9727780466451871,0
5575,0.9660525895076832,0.427576652189938,0.9727780466451871,0
5580,0.975510011544659,0.49050110431968563,1.0,0
5585,0.975510011544659,0.49050110431968563,1.0,0
5590,0.975510011544659,0.49050110431968563,1.0,0
5595,0.975510011544659,0.49050110431968563,1.0,0
5600,0.975510011544659,0.49050110431968563,1.0,0
5605,0.975510011544659,0.49050110431968563,1.0,0
5610,0.975510011544659,0.49050110431968563,1.0,0
5615,0.975510011544659,0.49050110431968563,1.0,0
5620,0.975510011544659,0.49050110431968563,1.0,0
5625,0.975510011544659,0.49050110431968563,1.0,0
5630,0.975510011544659,0.49050110431968563,1.0,0
5635,0.975510011544659,0.49050110431968563,1.0,0
5640,1.0,0.48325154357130595,0.9935272997477075,0
5645,1.0,0.48325154357130595,0.9935272997477075,1
5645,1.0,0.48325154357130595,0.9935272997477075,1
5650,1.0,0.48325154357130595,0.9935272997477075,1
5655,1.0,0.48325154357130595,0.9935272997477075,1
5660,1.0,0.48325154357130595,0.9935272997477075,1
5665,1.0,0.48325154357130595,0.9935272997477075,1
5670,1.0,0.48325154357130595,0.9935272997477075,1
5675,1.0,0.48325154357130595,0.9935272997477075,1
5679,1.0,0.48325154357130595,0.9935272997477075,2
5680,1.0,0.48325154357130595,0.9935272997477075,2
5685,1.0,0.48325154357130595,0.9935272997477075,2
5690,1.0,0.48325154357130595,0.9935272997477075,2
5695,1.0,0.48325154357130595,0.9935272997477075,2
5700,0.9637402900413921,0.5123404872541234,0.9782571975780143,2
5705,0.9637402900413921,0.5123404872541234,0.9782571975780143,2
5710,0.9637402900413921,0.5123404872541234,0.9782571975780143,2
5715,0.9637402900413921,0.5123404872541234,0.9782571975780143,2
5720,0.9637402900413921,0.5123404872541234,0.9782571975780143,2
5725,0.9637402900413921,0.5123404872541234,0.9782571975780143,2
5729,0.9637402900413921,0.5123404872541234,0.9782571975780143,4
5730,0.9637402900413921,0.5123404872541234,0.9782571975780143,4
5735,0.9637402900413921,0.5123404872541234,0.9782571975780143,0
5740,0.9637402900413921,0.5123404872541234,0.9782571975780143,0
5745,0.9637402900413921,0.5123404872541234,0.9782571975780143,0
5750,0.9637402900413921,0.5123404872541234,0.9782571975780143,0
5755,0.9637402900413921,0.5123404872541234,0.9782571975780143,0
5760,1.0,0.49114111083704465,1.0,0
5765,1.0,0.49114111083704465,1.0,0
5770,1.0,0.49114111083704465,1.0,0
5775,1.0,0.49114111083704465,1.0,0
5780,1.0,0.49114111083704465,1.0,0
5785,1.0,0.49114111083704465,1.0,0
5790,1.0,0.49114111083704465,1.0,0
5795,1.0,0.49114111083704465,1.0,0
5800,1.0,0.49114111083704465,1.0,0
5805,1.0,0.49114111083704465,1.0,0
5810,1.0,0.49114111083704465,1.0,0
5815,1.0,0.49114111083704465,1.0,0
5820,0.9899052443510393,0.4997671877875595,0.9855159068577073,0
5825,0.9899052443510393,0.4997671877875595,0.9855159068577073,0
5830,0.9899052443510393,0.4997671877875595,0.9855159068577073,0
5835,0.9899052443510393,0.4997671877875595,0.9855159068577073,0
5840,0.9899052443510393,0.4997671877875595,0.9855159068577073,0
5845,0.9899052443510393,0.4997671877875595,0.9855159068577073,0
5850,0.9899052443510393,0.4997671877875595,0.9855159068577073,0
5855,0.9899052443510393,0.4997671877875595,0.9855159068577073,0
5860,0.9899052443510393,0.4997671877875595,0.9855159068577073,0
5865,0.9899052443510393,0.4997671877875595,0.9855159068577073,0
5870,0.9899052443510393,0.4997671877875595,0.9855159068577073,0
5875,0.9899052443510393,0.4997671877875595,0.9855159068577073,0
5880,1.0,0.5051282842882631,0.923821071721241,0
5885,1.0,0.5051282842882631,0.923821071721241,0
5890,1.0,0.5051282842882631,0.923821071721241,0
5895,1.0,0.5051282842882631,0.923821071721241,0
5900,1.0,0.5051282842882631,0.923821071721241,0
5905,1.0,0.5051282842882631,0.923821071721241,0
5910,1.0,0.5051282842882631,0.923821071721241,0
5915,1.0,0.5051282842882631,0.923821071721241,0
5920,1.0,0.5051282842882631,0.923821071721241,0
5925,1.0,0.5051282842882631,0.923821071721241,0
5930,1.0,0.5051282842882631,0.923821071721241,0
5935,1.0,0.5051282842882631,0.923821071721241,0
5940,1.0,0.5267891151274428,1.0,0
5945,1.0,0.5267891151274428,1.0,0
5950,1.0,0.5267891151274428,1.0,0
5955,1.0,0.5267891151274428,1.0,0
5960,1.0,0.5267891151274428,1.0,0
5965,1.0,0.5267891151274428,1.0,0
5970,1.0,0.5267891151274428,1.0,0
5975,1.0,0.5267891151274428,1.0,0
5980,1.0,0.5267891151274428,1.0,0
5985,1.0,0.5267891151274428,1.0,0
5990,1.0,0.5267891151274428,1.0,0
5995,1.0,0.5267891151274428,1.0,0
6000,0.9961439405699878,0.5178169002526497,1.0,0
6005,0.9961439405699878,0.5178169002526497,1.0,0
6010,0.9961439405699878,0.5178169002526497,1.0,0
6015,0.9961439405699878,0.5178169002526497,1.0,0
6020,0.9961439405699878,0.5178169002526497,1.0,0
6025,0.9961439405699878,0.5178169002526497,1.0,0
6030,0.9961439405699878,0.5178169002526497,1.0,0
6035,0.9961439405699878,0.5178169002526497,1.0,0
6040,0.9961439405699878,0.5178169002526497,1.0,1
6040,0.9961439405699878,0.5178169002526497,1.0,1
6045,0.9961439405699878,0.5178169002526497,1.0,1
6050,0.9961439405699878,0.5178169002526497,1.0,1
6055,0.9961439405699878,0.5178169002526497,1.0,1
6060,0.9137283174595292,0.6422864538413549,1.0,1
6065,0.9137283174595292,0.6422864538413549,1.0,1
6070,0.9137283174595292,0.6422864538413549,1.0,1
6072,0.9137283174595292,0.6422864538413549,1.0,7
6075,0.9137283174595292,0.6422864538413549,1.0,7
6080,0.9137283174595292,0.6422864538413549,1.0,0
6085,0.9137283174595292,0.6422864538413549,1.0,0
6090,0.9137283174595292,0.6422864538413549,1.0,0
6095,0.9137283174595292,0.6422864538413549,1.0,0
6100,0.9137283174595292,0.6422864538413549,1.0,0
6105,0.9137283174595292,0.6422864538413549,1.0,0
6110,0.9137283174595292,0.6422864538413549,1.0,0
6115,0.9137283174595292,0.6422864538413549,1.0,0
6120,1.0,0.560228024588028,0.994846994687926,0
6125,1.0,0.560228024588028,0.994846994687926,0
6130,1.0,0.560228024588028,0.994846994687926,0
6135,1.0,0.560228024588028,0.994846994687926,0
6140,1.0,0.560228024588028,0.994846994687926,0
6145,1.0,0.560228024588028,0.994846994687926,0
6150,1.0,0.560228024588028,0.994846994687926,0
6155,1.0,0.560228024588028,0.994846994687926,0
6160,1.0,0.560228024588028,0.994846994687926,0
6165,1.0,0.560228024588028,0.994846994687926,0
6169,1.0,0.560228024588028,0.994846994687926,1
6170,1.0,0.560228024588028,0.994846994687926,1
6175,1.0,0.560228024588028,0.994846994687926,1
6180,1.0,0.49533849230337273,0.9558911142835149,1
6185,1.0,0.49533849230337273,0.9558911142835149,1
6190,1.0,0.49533849230337273,0.9558911142835149,1
6195,1.0,0.49533849230337273,0.9558911142835149,1
6200,1.0,0.49533849230337273,0.9558911142835149,1
6204,1.0,0.49533849230337273,0.9558911142835149,2
6205,1.0,0.49533849230337273,0.9558911142835149,2
6210,1.0,0.49533849230337273,0.9558911142835149,2
6215,1.0,0.49533849230337273,0.9558911142835149,2
6220,1.0,0.49533849230337273,0.9558911142835149,2
6225,1.0,0.49533849230337273,0.9558911142835149,2
6230,1.0,0.49533849230337273,0.9558911142835149,2
6235,1.0,0.49533849230337273,0.9558911142835149,2
6240,1.0,0.514618159277926,0.9810809416742854,2
6245,1.0,0.514618159277926,0.9810809416742854,2
6250,1.0,0.514618159277926,0.9810809416742854,2
6255,1.0,0.514618159277926,0.9810809416742854,2
6255,1.0,0.514618159277926,0.9810809416742854,4
6260,1.0,0.514618159277926,0.9810809416742854,4
6265,1.0,0.514618159277926,0.9810809416742854,0
6270,1.0,0.514618159277926,0.9810809416742854,0
6275,1.0,0.514618159277926,0.9810809416742854,0
6280,1.0,0.514618159277926,0.9810809416742854,0
6285,1.0,0.514618159277926,0.9810809416742854,0
6290,1.0,0.514618159277926,0.9810809416742854,0
6295,1.0,0.514618159277926,0.9810809416742854,0
6300,1.0,0.5203816709727783,0.9994218539878202,0
6304,1.0,0.5203816709727783,0.9994218539878202,1
6305,1.0,0.5203816709727783,0.9994218539878202,1
6310,1.0,0.5203816709727783,0.9994218539878202,1
6315,1.0,0.5203816709727783,0.9994218539878202,1
6320,1.0,0.5203816709727783,0.9994218539878202,1
6325,1.0,0.5203816709727783,0.9994218539878202,1
6330,1.0,0.5203816709727783,0.9994218539878202,1
6335,1.0,0.5203816709727783,0.9994218539878202,1
6340,1.0,0.5203816709727783,0.9994218539878202,1
6345,1.0,0.5203816709727783,0.9994218539878202,1
6347,1.0,0.5203816709727783,0.9994218539878202,7
6350,1.0,0.5203816709727783,0.9994218539878202,7
6355,1.0,0.5203816709727783,0.9994218539878202,0
6360,0.9853442417291618,0.5065550003313515,1.0,0
6365,0.9853442417291618,0.5065550003313515,1.0,0
6370,0.9853442417291618,0.5065550003313515,1.0,0
6375,0.9853442417291618,0.5065550003313515,1.0,0
6380,0.9853442417291618,0.5065550003313515,1.0,0
6385,0.9853442417291618,0.5065550003313515,1.0,0
6390,0.9853442417291618,0.5065550003313515,1.0,0
6392,0.9853442417291618,0.5065550003313515,1.0,1
6395,0.9853442417291618,0.5065550003313515,1.0,1
6400,0.9853442417291618,0.5065550003313515,1.0,1
6405,0.9853442417291618,0.5065550003313515,1.0,1
6410,0.9853442417291618,0.5065550003313515,1.0,1
6415,0.9853442417291618,0.5065550003313515,1.0,1
6420,0.9668069144382307,0.4642672518065377,1.0,1
6425,0.9668069144382307,0.4642672518065377,1.0,1
6426,0.9668069144382307,0.4642672518065377,1.0,2
6430,0.9668069144382307,0.4642672518065377,1.0,2
6435,0.9668069144382307,0.4642672518065377,1.0,2
6440,0.9668069144382307,0.4642672518065377,1.0,2
6445,0.9668069144382307,0.4642672518065377,1.0,2
6450,0.9668069144382307,0.4642672518065377,1.0,2
6455,0.9668069144382307,0.4642672518065377,1.0,2
6460,0.9668069144382307,0.4642672518065377,1.0,2
6465,0.9668069144382307,0.4642672518065377,1.0,2
6470,0.9668069144382307,0.4642672518065377,1.0,2
6475,0.9668069144382307,0.4642672518065377,1.0,2
6478,0.9668069144382307,0.4642672518065377,1.0,4
6480,1.0,0.5226291759680215,0.9680156592373177,4
6485,1.0,0.5226291759680215,0.9680156592373177,0
6490,1.0,0.5226291759680215,0.9680156592373177,0
6495,1.0,0.5226291759680215,0.9680156592373177,0
6500,1.0,0.5226291759680215,0.9680156592373177,0
6505,1.0,0.5226291759680215,0.9680156592373177,0
6510,1.0,0.5226291759680215,0.9680156592373177,0
6515,1.0,0.5226291759680215,0.9680156592373177,0
6520,1.0,0.5226291759680215,0.9680156592373177,0
6525,1.0,0.5226291759680215,0.9680156592373177,0
6530,1.0,0.5226291759680215,0.9680156592373177,0
6535,1.0,0.5226291759680215,0.9680156592373177,0
6540,1.0,0.5397396614461127,1.0,0
6545,1.0,0.5397396614461127,1.0,0
6550,1.0,0.5397396614461127,1.0,0
6555,1.0,0.5397396614461127,1.0,0
6560,1.0,0.5397396614461127,1.0,0
6565,1.0,0.5397396614461127,1.0,0
6570,1.0,0.5397396614461127,1.0,0
6575,1.0,0.5397396614461127,1.0,0
6578,1.0,0.5397396614461127,1.0,1
6580,1.0,0.5397396614461127,1.0,1
6585,1.0,0.5397396614461127,1.0,1
6590,1.0,0.5397396614461127,1.0,1
6595,1.0,0.5397396614461127,1.0,1
6600,0.9644592135605314,0.47113469741231384,1.0,1
6605,0.9644592135605314,0.47113469741231384,1.0,1
6610,0.9644592135605314,0.47113469741231384,1.0,1
6615,0.9644592135605314,0.47113469741231384,1.0,1
6620,0.9644592135605314,0.47113469741231384,1.0,1
6625,0.9644592135605314,0.47113469741231384,1.0,1
6630,0.9644592135605314,0.47113469741231384,1.0,1
6635,0.9644592135605314,0.47113469741231384,1.0,1
6636,0.9644592135605314,0.47113469741231384,1.0,3
6636,0.9644592135605314,0.47113469741231384,1.0,9
6640,0.9644592135605314,0.47113469741231384,1.0,9
6645,0.9644592135605314,0.47113469741231384,1.0,0
6650,0.9644592135605314,0.47113469741231384,1.0,0
6655,0.9644592135605314,0.47113469741231384,1.0,0
6660,1.0,0.4680670009111692,1.0,0
6665,1.0,0.4680670009111692,1.0,0
6670,1.0,0.4680670009111692,1.0,0
6672,1.0,0.4680670009111692,1.0,1
6675,1.0,0.4680670009111692,1.0,1
6680,1.0,0.4680670009111692,1.0,1
6685,1.0,0.4680670009111692,1.0,1
6690,1.0,0.4680670009111692,1.0,1
6695,1.0,0.4680670009111692,1.0,1
6700,1.0,0.4680670009111692,1.0,1
6705,1.0,0.4680670009111692,1.0,1
6710,1.0,0.4680670009111692,1.0,1
6715,1.0,0.4680670009111692,1.0,1
6720,1.0,0.4420567809424029,0.9975193887494112,7
6720,1.0,0.4420567809424029,0.9975193887494112,7
6725,1.0,0.4420567809424029,0.9975193887494112,7
6730,1.0,0.4420567809424029,0.9975193887494112,0
6735,1.0,0.4420567809424029,0.9975193887494112,0
6740,1.0,0.4420567809424029,0.9975193887494112,0
6745,1.0,0.4420567809424029,0.9975193887494112,1
6745,1.0,0.4420567809424029,0.9975193887494112,1
6750,1.0,0.4420567809424029,0.9975193887494112,1
6755,1.0,0.4420567809424029,0.9975193887494112,1
6760,1.0,0.4420567809424029,0.9975193887494112,1
6765,1.0,0.4420567809424029,0.9975193887494112,1
6770,1.0,0.4420567809424029,0.9975193887494112,1
6775,1.0,0.4420567809424029,0.9975193887494112,1
6780,1.0,0.5077949674060058,1.0,1
6785,1.0,0.5077949674060058,1.0,1
6787,1.0,0.5077949674060058,1.0,2
6790,1.0,0.5077949674060058,1.0,2
6795,1.0,0.5077949674060058,1.0,2
6800,1.0,0.5077949674060058,1.0,2
6805,1.0,0.5077949674060058,1.0,2
6810,1.0,0.5077949674060058,1.0,2
6815,1.0,0.5077949674060058,1.0,2
6820,1.0,0.5077949674060058,1.0,2
6825,1.0,0.5077949674060058,1.0,2
6826,1.0,0.5077949674060058,1.0,4
6830,1.0,0.5077949674060058,1.0,4
6835,1.0,0.5077949674060058,1.0,0
6840,0.9944911981326425,0.5344663205341595,1.0,0
6845,0.9944911981326425,0.5344663205341595,1.0,0
6850,0.9944911981326425,0.5344663205341595,1.0,0
6855,0.9944911981326425,0.5344663205341595,1.0,0
6860,0.9944911981326425,0.5344663205341595,1.0,1
6860,0.9944911981326425,0.5344663205341595,1.0,1
6865,0.9944911981326425,0.5344663205341595,1.0,1
6870,0.9944911981326425,0.5344663205341595,1.0,1
6875,0.9944911981326425,0.5344663205341595,1.0,1
6880,0.9944911981326425,0.5344663205341595,1.0,1
6885,0.9944911981326425,0.5344663205341595,1.0,1
6890,0.9944911981326425,0.5344663205341595,1.0,1
6895,0.9944911981326425,0.5344663205341595,1.0,1
6900,1.0,0.4679872746667881,0.9531007466182314,1
6905,1.0,0.4679872746667881,0.9531007466182314,1
6910,1.0,0.4679872746667881,0.9531007466182314,1
6915,1.0,0.4679872746667881,0.9531007466182314,1
6918,1.0,0.4679872746667881,0.9531007466182314,3
6918,1.0,0.4679872746667881,0.9531007466182314,6
6920,1.0,0.4679872746667881,0.9531007466182314,6
6925,1.0,0.4679872746667881,0.9531007466182314,6
6930,1.0,0.4679872746667881,0.9531007466182314,6
6935,1.0,0.4679872746667881,0.9531007466182314,6
6940,1.0,0.4679872746667881,0.9531007466182314,6
6945,1.0,0.4679872746667881,0.9531007466182314,6
6950,1.0,0.4679872746667881,0.9531007466182314,6
6955,1.0,0.4679872746667881,0.9531007466182314,6
6960,1.0,0.45030899613897607,0.995933246440484,6
6964,1.0,0.45030899613897607,0.995933246440484,1
6965,1.0,0.45030899613897607,0.995933246440484,1
6970,1.0,0.45030899613897607,0.995933246440484,1
6975,1.0,0.45030899613897607,0.995933246440484,1
6980,1.0,0.45030899613897607,0.995933246440484,1
6985,1.0,0.45030899613897607,0.995933246440484,1
6990,1.0,0.45030899613897607,0.995933246440484,1
6995,1.0,0.45030899613897607,0.995933246440484,1
7000,1.0,0.45030899613897607,0.995933246440484,1
7005,1.0,0.45030899613897607,0.995933246440484,1
7010,1.0,0.45030899613897607,0.995933246440484,1
7015,1.0,0.45030899613897607,0.995933246440484,1
7020,1.0,0.6332596064808725,0.9498908053969085,1
7023,1.0,0.6332596064808725,0.9498908053969085,3
7023,1.0,0.6332596064808725,0.9498908053969085,9
7025,1.0,0.6332596064808725,0.9498908053969085,9
7030,1.0,0.6332596064808725,0.9498908053969085,0
7035,1.0,0.6332596064808725,0.9498908053969085,0
7040,1.0,0.6332596064808725,0.9498908053969085,0
7045,1.0,0.6332596064808725,0.9498908053969085,0
7050,1.0,0.6332596064808725,0.9498908053969085,0
7055,1.0,0.6332596064808725,0.9498908053969085,0
7060,1.0,0.6332596064808725,0.9498908053969085,0
7065,1.0,0.6332596064808725,0.9498908053969085,0
7070,1.0,0.6332596064808725,0.9498908053969085,0
7075,1.0,0.6332596064808725,0.9498908053969085,0
7080,0.9335889986687506,0.45686454410566224,1.0,0
7085,0.9335889986687506,0.45686454410566224,1.0,0
7090,0.9335889986687506,0.45686454410566224,1.0,0
7095,0.9335889986687506,0.45686454410566224,1.0,0
7100,0.9335889986687506,0.45686454410566224,1.0,0
7105,0.9335889986687506,0.45686454410566224,1.0,0
7110,0.9335889986687506,0.45686454410566224,1.0,0
7115,0.9335889986687506,0.45686454410566224,1.0,0
7118,0.9335889986687506,0.45686454410566224,1.0,1
7120,0.9335889986687506,0.45686454410566224,1.0,1
7125,0.9335889986687506,0.45686454410566224,1.0,1
7130,0.9335889986687506,0.45686454410566224,1.0,1
7135,0.9335889986687506,0.45686454410566224,1.0,1
7140,1.0,0.48979994307080815,1.0,1
7145,1.0,0.48979994307080815,1.0,1
7150,1.0,0.48979994307080815,1.0,1
7155,1.0,0.48979994307080815,1.0,1
7155,1.0,0.48979994307080815,1.0,2
7160,1.0,0.48979994307080815,1.0,2
7165,1.0,0.48979994307080815,1.0,2
7170,1.0,0.48979994307080815,1.0,2
7175,1.0,0.48979994307080815,1.0,2
7180,1.0,0.48979994307080815,1.0,2
7185,1.0,0.48979994307080815,1.0,2
7190,1.0,0.48979994307080815,1.0,2
7195,1.0,0.48979994307080815,1.0,2
